<?xml version="1.0" encoding="UTF-8" standalone="no"?><TaskList Version="2.0"><Task Active="false" ConnectorKind="local" CreationDate="2016-03-08 22:23:09.941 -0500" DueDate="" EndDate="" Estimated="0" Handle="local-1" IssueURL="" Kind="task" Label="New Task" LastModified="now" MarkReadPending="false" ModificationDate="" Notes="" NotifiedIncoming="true" Owner="local" Priority="P3" Reminded="false" RepositoryUrl="local" ScheduledEndDate="2016-03-12 23:59:59.999 -0500" ScheduledStartDate="2016-03-06 00:00:00.0 -0500" Stale="false" TaskId="1" offlineSyncState="SYNCHRONIZED"/><Task Active="false" ConnectorKind="local" CreationDate="2016-03-08 22:23:25.586 -0500" DueDate="" EndDate="" Estimated="0" Handle="local-2" IssueURL="" Kind="bugzilla" Label="New Task" LastModified="now" MarkReadPending="true" ModificationDate="" Notes="" NotifiedIncoming="true" Owner="local" Priority="P3" Reminded="false" RepositoryUrl="local" ScheduledEndDate="2016-03-12 23:59:59.999 -0500" ScheduledStartDate="2016-03-06 00:00:00.0 -0500" Stale="false" TaskId="2" offlineSyncState="OUTGOING_NEW"><Attribute Key="outgoingNewRepositoryUrl">https://bugs.eclipse.org/bugs</Attribute><Attribute Key="outgoingNewConnectorKind">bugzilla</Attribute></Task><TaskCategory Handle="Uncategorized" Name="Uncategorized"><TaskReference Handle="local-1"/></TaskCategory></TaskList>